gpu,model,format,nx,ny,kernel_ms,recheck_ms,total_ms,mpts_per_s,flagged_pct,check_differ,check_n,check_failed
NVIDIA A100-SXM4-40GB,mill3w,F32,1920,1080,1855.287,0.000,1855.287,1.118,0.001,54,20736,0
NVIDIA A100-SXM4-40GB,mill3w-ad,F32,1920,1080,908.019,0.000,908.019,2.284,0.001,0,2073600,0
NVIDIA A100-SXM4-40GB,mill3w,F16,1920,1080,2118.720,0.000,2118.720,0.979,1.206,62,20736,0
NVIDIA A100-SXM4-40GB,mill3w-ad,F16,1920,1080,1085.545,0.000,1085.545,1.910,1.206,0,2073600,21
NVIDIA A100-SXM4-40GB,mill3w,F16+,1920,1080,2127.252,55.437,2182.688,0.950,0.001,53,20736,0
NVIDIA A100-SXM4-40GB,mill3w-ad,F16+,1920,1080,1195.553,0.000,1195.553,1.734,0.001,0,2073600,0
NVIDIA A100-SXM4-40GB,mill2g,F32,1920,1080,6.219,0.000,6.219,333.415,0.002,3,20736,0
NVIDIA A100-SXM4-40GB,mill2g,F16,1920,1080,5.350,0.000,5.350,387.555,3.192,28,20736,0
NVIDIA A100-SXM4-40GB,mill2g,F16+,1920,1080,5.400,2.158,7.558,274.355,0.002,3,20736,0
NVIDIA A100-SXM4-40GB,mill3h,F32,1920,1080,26155.966,0.000,26155.966,0.079,0.001,54,20736,0
NVIDIA A100-SXM4-40GB,mill3h-ad,F32,1920,1080,12778.869,0.000,12778.869,0.162,0.001,0,2073600,0
NVIDIA A100-SXM4-40GB,mill3h,F16,1920,1080,26844.835,0.000,26844.835,0.077,1.206,61,20736,0
NVIDIA A100-SXM4-40GB,mill3h-ad,F16,1920,1080,13316.345,0.000,13316.345,0.156,1.206,0,2073600,26
NVIDIA A100-SXM4-40GB,mill3h,F16+,1920,1080,26964.801,426.809,27391.610,0.076,0.001,53,20736,0
NVIDIA A100-SXM4-40GB,mill3h-ad,F16+,1920,1080,14276.799,0.000,14276.799,0.145,0.001,0,2073600,0
NVIDIA A100-SXM4-40GB,mill3d,F32,480,270,2249.117,0.000,2249.117,0.058,0.001,5,20736,0
