device,threads,system,T,npts,ms,ms_per_Mpt
Tesla T4,1,fourth,Float32,4096,122.8169,29984.5945
Tesla T4,4,fourth,Float32,4096,55.1228,13457.7200
Tesla T4,16,fourth,Float32,4096,45.0583,11000.5576
Tesla T4,64,fourth,Float32,4096,11.7910,2878.6621
Tesla T4,256,fourth,Float32,16384,14.9110,910.0976
Tesla T4,1024,fourth,Float32,65536,14.8735,226.9516
Tesla T4,4096,fourth,Float32,262144,14.4458,55.1064
Tesla T4,16384,fourth,Float32,1048576,7.7246,7.3668
Tesla T4,65536,fourth,Float32,4194304,26.4021,6.2948
Tesla T4,262144,fourth,Float32,4194304,26.7081,6.3677
Tesla T4,1048576,fourth,Float32,4194304,26.7331,6.3737
Tesla T4,1,showcase,Float32,4096,206.4006,50390.7605
Tesla T4,4,showcase,Float32,4096,68.1275,16632.6833
Tesla T4,16,showcase,Float32,4096,26.3673,6437.3203
Tesla T4,64,showcase,Float32,4096,7.8606,1919.0928
Tesla T4,256,showcase,Float32,16384,27.0185,1649.0811
Tesla T4,1024,showcase,Float32,65536,18.9977,289.8812
Tesla T4,4096,showcase,Float32,262144,18.9963,72.4651
Tesla T4,16384,showcase,Float32,1048576,14.9590,14.2660
Tesla T4,65536,showcase,Float32,4194304,52.2871,12.4662
Tesla T4,262144,showcase,Float32,4194304,53.2033,12.6847
Tesla T4,1048576,showcase,Float32,4194304,54.9985,13.1127
Tesla T4,1,turning,Float32,4096,572.7977,139843.1909
Tesla T4,4,turning,Float32,4096,187.8660,45865.7202
Tesla T4,16,turning,Float32,4096,72.9333,17805.9915
Tesla T4,64,turning,Float32,4096,23.2991,5688.2600
Tesla T4,256,turning,Float32,16384,49.1793,3001.6650
Tesla T4,1024,turning,Float32,65536,30.9619,472.4413
Tesla T4,4096,turning,Float32,262144,28.8818,110.1752
Tesla T4,16384,turning,Float32,1048576,43.9969,41.9587
Tesla T4,65536,turning,Float32,4194304,155.9740,37.1871
Tesla T4,262144,turning,Float32,4194304,154.3613,36.8026
Tesla T4,1048576,turning,Float32,4194304,154.7996,36.9071
