device,threads,system,T,nx,ny,ms,mpts_per_s,evals_per_point
CPU,1,fourth,Float64,400,400,677.806,0.2361,31.8
CPU,1,showcase,Float64,400,400,1259.340,0.1271,53.0
CPU,1,turning,Float64,400,400,3440.384,0.0465,139.3
CPU,2,fourth,Float64,400,400,339.657,0.4711,31.8
CPU,2,showcase,Float64,400,400,635.313,0.2518,53.0
CPU,2,turning,Float64,400,400,1716.536,0.0932,139.3
CPU,4,fourth,Float64,400,400,172.095,0.9297,31.8
CPU,4,showcase,Float64,400,400,329.642,0.4854,53.0
CPU,4,turning,Float64,400,400,872.344,0.1834,139.3
CPU,6,fourth,Float64,400,400,120.997,1.3223,31.8
CPU,6,showcase,Float64,400,400,230.075,0.6954,53.0
CPU,6,turning,Float64,400,400,625.155,0.2559,139.3
CPU,8,fourth,Float64,400,400,99.850,1.6024,31.8
CPU,8,showcase,Float64,400,400,184.580,0.8668,53.0
CPU,8,turning,Float64,400,400,492.098,0.3251,139.3
CPU,12,fourth,Float64,400,400,77.569,2.0627,31.8
CPU,12,showcase,Float64,400,400,146.072,1.0953,53.0
CPU,12,turning,Float64,400,400,377.778,0.4235,139.3
