system,n_points,grid_time_s,mdbm_time_s,wmax,tol,mdbm_n0,mdbm_levels,mdbm_equiv_res,median_int_residual,max_int_residual,n_uncertain,n_nonfinite,backend,ode_grid_time_s_same_machine
fourth,5625,0.010778,0.1312018,10000.0,0.0001,7,5,224,2.2828716694789364e-10,4.757431382174104e-8,0,0,unwrap,0.17599987983703613
algebraic,5625,0.20799994468688965,0.0769692,10000.0,0.0001,7,5,224,0.00014388017756650218,0.008002605821342601,0,0,ode,0.20799994468688965
distributed,5625,0.0071465,0.0992616,10000.0,0.0001,7,5,224,2.3873158535359096e-5,6.367359466519229e-5,0,0,unwrap,0.10000014305114746
neutral,5625,0.0461041,0.4711881,200.0,0.0001,7,5,224,0.1457615382993942,0.37989252408824825,1124,2,unwrap,0.46000003814697266
neutral_hg,5625,0.0448376,0.6832593,200.0,0.0001,7,5,224,0.14492559201546928,0.38248120134751673,1125,0,unwrap,0.5249998569488525
pda,5625,0.1399748,0.9700083,500.0,0.0001,7,5,224,0.07056241901926397,0.49323194053678776,1050,0,unwrap,1.3359999656677246
turning,5625,0.0240743,3.4510509,10000.0,0.0001,7,5,224,5.858302872141508e-6,5.880641616329285e-6,0,0,unwrap,2.4079999923706055
beam,5625,0.0713462,0.4531837,400.0,0.0001,7,5,224,6.098090921113908e-10,0.5,75,0,unwrap,0.4100000858306885
fem,5625,5.9359431,32.9837171,400.0,0.0001,7,5,224,6.874341096363423e-10,0.49999999995514344,75,0,unwrap,45.164000034332275
ccc,5625,6.996999979019165,1.9835826,10000.0,1.0e-5,7,5,224,0.011321597880652234,0.48760577985846965,28,0,ode,6.996999979019165
bigmat,1600,182.0329999923706,478.6273027,200.0,0.0001,7,5,224,0.02786308245233471,0.49815930006809594,6,1,ode,182.0329999923706
frac,5625,0.0108646,0.2813836,10000.0,0.0001,7,5,224,1.5928773973161725e-5,0.4000159161309157,75,0,unwrap,1.6159999370574951
