gpu,case,kernel_ms_med,frame_ms,mpts_per_s,evals_med,wrong_pct,flagged_pct
NVIDIA RTX PRO 6000 Blackwell Server Edition,Float64 wmax=1e5 (reference),401.11,545.752,82.71,31.0,0.0,0.0
NVIDIA RTX PRO 6000 Blackwell Server Edition,Float32 wmax=1e5,10.293,82.217,3223.43,31.0,0.0,0.0002230420524691358
NVIDIA RTX PRO 6000 Blackwell Server Edition,Float32 wmax=1e5 queue,14.605,136.937,2271.67,31.0,0.0,0.0002230420524691358
NVIDIA RTX PRO 6000 Blackwell Server Edition,Float64 wmax=15,255.123,401.467,130.05,17.0,0.0,0.0
NVIDIA RTX PRO 6000 Blackwell Server Edition,Float32 wmax=15,6.76,73.843,4907.76,17.0,0.0,0.0002230420524691358
NVIDIA RTX PRO 6000 Blackwell Server Edition,Float16 wmax=15 scaled,7.408,102.277,4478.41,18.0,0.031262056327160496,1.768774715470679
NVIDIA RTX PRO 6000 Blackwell Server Edition,slider loop Float32 wmax=1e5,78.162,,,,,
NVIDIA A100-SXM4-40GB,Float64 wmax=1e5 (reference),95.063,461.205,349.01,31.0,0.0,0.0
NVIDIA A100-SXM4-40GB,Float32 wmax=1e5,39.961,225.099,830.24,31.0,0.0,0.0002230420524691358
NVIDIA A100-SXM4-40GB,Float32 wmax=1e5 queue,68.685,236.376,483.04,31.0,0.0,0.0002230420524691358
NVIDIA A100-SXM4-40GB,Float64 wmax=15,62.001,426.237,535.12,17.0,0.0,0.0
NVIDIA A100-SXM4-40GB,Float32 wmax=15,26.148,253.36,1268.85,17.0,0.0,0.0002230420524691358
NVIDIA A100-SXM4-40GB,Float16 wmax=15 scaled,27.263,264.508,1216.95,18.0,0.031262056327160496,1.768774715470679
NVIDIA A100-SXM4-40GB,slider loop Float32 wmax=1e5,230.224,,,,,
NVIDIA L4,Float64 wmax=1e5 (reference),1468.327,1837.601,22.6,31.0,0.0,0.0
NVIDIA L4,Float32 wmax=1e5,49.89,226.472,665.01,31.0,0.0,0.0002230420524691358
NVIDIA L4,Float32 wmax=1e5 queue,82.456,375.448,402.37,31.0,0.0,0.0002230420524691358
NVIDIA L4,Float64 wmax=15,925.397,1316.958,35.85,17.0,0.0,0.0
NVIDIA L4,Float32 wmax=15,32.47,218.356,1021.79,17.0,0.0,0.0002230420524691358
NVIDIA L4,Float16 wmax=15 scaled,32.789,283.582,1011.85,18.0,0.031262056327160496,1.768774715470679
NVIDIA L4,slider loop Float32 wmax=1e5,228.227,,,,,
Tesla T4,Float64 wmax=1e5 (reference),2717.272,3129.752,12.21,31.0,0.0,0.0
Tesla T4,Float32 wmax=1e5,103.687,285.59,319.98,31.0,0.0,0.0002230420524691358
Tesla T4,Float32 wmax=1e5 queue,201.213,396.589,164.89,31.0,0.0,0.0002230420524691358
Tesla T4,Float64 wmax=15,1711.211,2081.36,19.39,17.0,0.0,0.0
Tesla T4,Float32 wmax=15,68.801,302.028,482.23,17.0,0.0,0.0002230420524691358
Tesla T4,Float16 wmax=15 scaled,77.02,307.953,430.77,18.0,0.031262056327160496,1.768774715470679
Tesla T4,slider loop Float32 wmax=1e5,296.895,,,,,
