system,backend,n_points,chart_time_s,per_point_us,t_std_s,mem_mb,n_wrong_Z
2nd-order, no delay,ODE Vern9 + root (default),10000,0.0498844,4.988440000000001,0.0028103791322524447,24.794154167175293,0
2nd-order, no delay,ODE Vern9, Z only,10000,0.0485411,4.8541099999999995,0.001141501522119004,27.31024742126465,0
2nd-order, no delay,QuadGK, Z only,10000,0.0334235,3.34235,0.0012539921263708172,26.93744945526123,0
2nd-order, no delay,fixed-step (500),10000,0.0359006,3.59006,0.0004763883205957089,0.8505048751831055,4324
4th-order + delay,ODE Vern9 + root (default),10000,0.4182807,41.82807,0.016750340280215215,24.794108390808105,0
4th-order + delay,ODE Vern9, Z only,10000,0.4267863,42.678630000000005,0.016666740724178793,27.31026268005371,0
4th-order + delay,QuadGK, Z only,10000,0.1849671,18.49671,0.013049486172374754,38.22072792053223,0
4th-order + delay,fixed-step (500),10000,0.1034801,10.34801,0.0034156783567836123,0.850459098815918,4556
2-DOF DAE showcase,ODE Vern9 + root (default),10000,1.9716551,197.16551,0.04118295585706544,24.794062614440918,0
2-DOF DAE showcase,ODE Vern9, Z only,10000,1.8851108,188.51108000000002,0.05175090576808291,27.31024742126465,0
2-DOF DAE showcase,QuadGK, Z only,10000,2.7660606,276.60605999999996,0.06107107642306622,406.6553030014038,0
2-DOF DAE showcase,fixed-step (500),10000,0.0855268,8.55268,0.003528372622045468,0.8504743576049805,6097
