format,scaling,Omega,wrong_pct,wrong_unflagged_pct,flagged_pct,failed_pct,time_ms,evals_med,native
Float64,raw,1.0,0.0,0.0,0.0,0.0,46.9229,17.0,true
Float32,raw,1.0,0.0,0.0,0.0,0.0,41.6031,17.0,true
Float16,raw,1.0,0.01375,0.0,1.741875,0.0,88.46669999999999,17.0,true
Float16,ωmax,15.0,0.015,0.0,1.73625,0.0,92.4733,18.0,true
Float16,fitmax,1.3259871080319912,0.01875,0.0,1.770625,0.0,93.0146,18.0,true
Float16,centered,5.048640972122935,0.016875,0.000625,1.76625,0.0,91.11139999999999,18.0,true
BFloat16 (emu),raw,1.0,0.170625,0.0,14.049375,0.000625,201.1271,17.0,false
BFloat16 (emu),ωmax,15.0,0.231875,0.000625,13.685625,0.0,198.50689999999997,17.0,false
BFloat16 (emu),fitmax,6.708203932499369e-7,0.208125,0.0,13.7475,0.0,377.4149,34.0,false
BFloat16 (emu),centered,6.003513239097696,0.23875,0.0,13.731875,0.0,201.10510000000002,17.0,false
Float8 E5M2 (emu),raw,1.0,100.0,0.0,100.0,100.0,136.25480000000002,13.0,false
Float8 E5M2 (emu),ωmax,15.0,16.2875,0.0,97.783125,3.06375,140.73069999999998,13.0,false
Float8 E5M2 (emu),fitmax,1.3708320857044214,8.78,0.0,98.384375,3.0,140.83960000000002,13.0,false
Float8 E5M2 (emu),centered,5.1333037957188825,14.87875,0.0,99.05375,3.0075,140.0614,13.0,false
Float8 E4M3 (emu),raw,1.0,100.0,14.486875,85.513125,1.5075,123.63159999999999,12.0,false
Float8 E4M3 (emu),ωmax,15.0,100.0,0.0,100.0,100.0,7.3936,1.0,false
Float8 E4M3 (emu),fitmax,4.610911147134483,9.689375,0.0,94.978125,1.58625,130.827,13.0,false
Float8 E4M3 (emu),centered,4.707260335672101,9.08625,0.0,95.891875,1.593125,126.2422,13.0,false
Float4 E2M1 (emu),raw,1.0,100.0,0.0,100.0,10.56125,237.2791,28.0,false
Float4 E2M1 (emu),ωmax,15.0,100.0,0.0,100.0,100.0,6.135800000000001,1.0,false
Float4 E2M1 (emu),fitmax,13.55403005414767,100.0,0.0,100.0,100.0,7.5011,1.0,false
Float4 E2M1 (emu),centered,4.798843272913227,100.0,0.0,100.0,100.0,7.067,1.0,false
