chart,backend,n_points,chart_time_s,ode_time_s_same_machine,n_diff_vs_ode,n_diff_degenerate,n_diff_unwrap_wrong,n_diff_ode_wrong,n_stability_class_diff,unwrap_n_power,median_int_residual,median_int_residual_ode,unwrap_settings
fourth,unwrap,5625,0.010778,0.17599987983703613,0,0,0,0,0,4.0,2.2828716694789364e-10,9.361898476001329e-6,n=4
algebraic,ode,5625,0.20799994468688965,0.20799994468688965,-1,-1,-1,-1,-1,NaN,0.00014388017756650218,NaN,ode only
distributed,unwrap,5625,0.0071465,0.10000014305114746,1,1,0,0,0,2.0,2.3873158535359096e-5,2.3448326046948686e-5,n=2
neutral,unwrap,5625,0.0461041,0.46000003814697266,321,75,0,246,35,2.0,0.1457615382993942,0.13816953618548933,n=2 hmax=1.571 ωband=Inf
neutral_hg,unwrap,5625,0.0448376,0.5249998569488525,225,0,0,225,0,2.0,0.14492559201546928,0.13723922844655023,n=2 hmax=1.571 ωband=Inf
pda,unwrap,5625,0.1399748,1.3359999656677246,725,0,0,725,1,2.0,0.07056241901926397,0.06627324435948045,n=2 hmax=1.571 ωband=Inf
turning,unwrap,5625,0.0240743,2.4079999923706055,20,0,0,20,0,4.0,5.858302872141508e-6,0.0002079281185638493,n=4 hmax=0.05 ωband=5.0
beam,unwrap,5625,0.0713462,0.4100000858306885,133,39,0,94,1,98.84786893829985,6.098090921113908e-10,0.0002291413186661373,n=98.8479 hmax=0.1496 ωband=40.0
fem,unwrap,5625,5.9359431,45.164000034332275,117,42,0,75,0,23.87834625261801,6.874341096363423e-10,0.00020918174501804998,n=23.8783 hmax=0.1496 ωband=40.0
ccc,ode,5625,6.996999979019165,6.996999979019165,-1,-1,-1,-1,-1,NaN,0.011321597880652234,NaN,ode only
bigmat,ode,1600,182.0329999923706,182.0329999923706,-1,-1,-1,-1,-1,NaN,0.02786308245233471,NaN,ode only
frac,unwrap,5625,0.0108646,1.6159999370574951,0,0,0,0,0,1.8,1.5928773973161725e-5,5.0165386341838314e-5,n=1.8
