point,P,D,method,refinement,Z,sigma_hat,omega_hat,abs_err_sigma,abs_err_lambda,sigma_ref,omega_ref,ref_abs_D_bigfloat
stable,1.8,1.0,ODE Vern9 1e-5; 1 root,Linear,0,-0.03189293471606836,0.7478535024949621,0.0050821368445345995,1.188140235045252,-0.026810797871533763,1.935982868354791,4.366392503443836e-77
stable,1.8,1.0,ODE Vern9 1e-5; 10 roots max-Re,Linear,0,-0.026536044411672132,1.9380037116371323,0.0002747534598616305,0.0020394354698027328,-0.026810797871533763,1.935982868354791,4.366392503443836e-77
stable,1.8,1.0,unwrap; 1 root,Linear,0,-0.031894680955863494,0.7488241201686638,0.0050838830843297315,1.1871696337348205,-0.026810797871533763,1.935982868354791,4.366392503443836e-77
stable,1.8,1.0,unwrap; 10 roots max-Re,Linear,0,-0.02679280979415276,1.9348658085317227,1.7988077381000944e-5,0.0011172046451932039,-0.026810797871533763,1.935982868354791,4.366392503443836e-77
stable,1.8,1.0,ODE Vern9 1e-5; 1 root,Newton,0,-0.03201640145383103,0.7490834308468213,0.005205603582297266,1.1869108530405268,-0.026810797871533763,1.935982868354791,4.366392503443836e-77
stable,1.8,1.0,ODE Vern9 1e-5; 10 roots max-Re,Newton,0,-0.026810797871533832,1.935982868354791,6.938893903907228e-17,6.938893903907228e-17,-0.026810797871533763,1.935982868354791,4.366392503443836e-77
stable,1.8,1.0,unwrap; 1 root,Newton,0,-0.03201640145383105,0.7490834308468215,0.005205603582297286,1.1869108530405266,-0.026810797871533763,1.935982868354791,4.366392503443836e-77
stable,1.8,1.0,unwrap; 10 roots max-Re,Newton,0,-0.026810797871533808,1.9359828683547908,4.5102810375396984e-17,2.265790592267349e-16,-0.026810797871533763,1.935982868354791,4.366392503443836e-77
stable,1.8,1.0,ODE Vern9 1e-5; 1 root,Combined,0,-0.03201640145383103,0.7490834308468213,0.005205603582297266,1.1869108530405268,-0.026810797871533763,1.935982868354791,4.366392503443836e-77
stable,1.8,1.0,ODE Vern9 1e-5; 10 roots max-Re,Combined,0,-0.026810797871533832,1.935982868354791,6.938893903907228e-17,6.938893903907228e-17,-0.026810797871533763,1.935982868354791,4.366392503443836e-77
stable,1.8,1.0,unwrap; 1 root,Combined,0,-0.03201640145383105,0.7490834308468215,0.005205603582297286,1.1869108530405266,-0.026810797871533763,1.935982868354791,4.366392503443836e-77
stable,1.8,1.0,unwrap; 10 roots max-Re,Combined,0,-0.026810797871533808,1.9359828683547908,4.5102810375396984e-17,2.265790592267349e-16,-0.026810797871533763,1.935982868354791,4.366392503443836e-77
near boundary,2.4,1.4,ODE Vern9 1e-5; 1 root,Linear,2,-0.03715853233469394,0.9530190215846164,0.07777778100142439,1.1650097110197466,0.04061924866673045,2.115429553003189,5.341175272993837e-77
near boundary,2.4,1.4,ODE Vern9 1e-5; 10 roots max-Re,Linear,2,0.0408858019723279,2.1132905737633734,0.0002665533055974459,0.0021555238001669855,0.04061924866673045,2.115429553003189,5.341175272993837e-77
near boundary,2.4,1.4,unwrap; 1 root,Linear,2,-0.03714747559245512,0.9553331202199234,0.07776672425918557,1.1627000459097185,0.04061924866673045,2.115429553003189,5.341175272993837e-77
near boundary,2.4,1.4,unwrap; 10 roots max-Re,Linear,2,0.04093966359859354,2.1128670444441173,0.00032041493186308473,0.002582463135046731,0.04061924866673045,2.115429553003189,5.341175272993837e-77
near boundary,2.4,1.4,ODE Vern9 1e-5; 1 root,Newton,2,-0.03730373034636908,0.9554249006269375,0.07792297901309952,1.1626189333538413,0.04061924866673045,2.115429553003189,5.341175272993837e-77
near boundary,2.4,1.4,ODE Vern9 1e-5; 10 roots max-Re,Newton,2,0.04061924866673045,2.115429553003189,0.0,0.0,0.04061924866673045,2.115429553003189,5.341175272993837e-77
near boundary,2.4,1.4,unwrap; 1 root,Newton,2,-0.03730373034636908,0.9554249006269376,0.07792297901309952,1.162618933353841,0.04061924866673045,2.115429553003189,5.341175272993837e-77
near boundary,2.4,1.4,unwrap; 10 roots max-Re,Newton,2,0.040619248666730445,2.115429553003189,6.938893903907228e-18,6.938893903907228e-18,0.04061924866673045,2.115429553003189,5.341175272993837e-77
near boundary,2.4,1.4,ODE Vern9 1e-5; 1 root,Combined,2,-0.03730373034636908,0.9554249006269375,0.07792297901309952,1.1626189333538413,0.04061924866673045,2.115429553003189,5.341175272993837e-77
near boundary,2.4,1.4,ODE Vern9 1e-5; 10 roots max-Re,Combined,2,0.04061924866673045,2.115429553003189,0.0,0.0,0.04061924866673045,2.115429553003189,5.341175272993837e-77
near boundary,2.4,1.4,unwrap; 1 root,Combined,2,-0.03730373034636908,0.9554249006269376,0.07792297901309952,1.162618933353841,0.04061924866673045,2.115429553003189,5.341175272993837e-77
near boundary,2.4,1.4,unwrap; 10 roots max-Re,Combined,2,0.040619248666730445,2.115429553003189,6.938893903907228e-18,6.938893903907228e-18,0.04061924866673045,2.115429553003189,5.341175272993837e-77
unstable,3.2,0.6,ODE Vern9 1e-5; 1 root,Linear,4,0.1420602900832907,1.0587467255896317,0.06817068806610979,0.8148079737004834,0.2102309781494005,1.8706979502912642,1.5113294971415278e-77
unstable,3.2,0.6,ODE Vern9 1e-5; 10 roots max-Re,Linear,4,0.24635200836592092,1.761375934195359,0.03612103021652041,0.11513484280258576,0.2102309781494005,1.8706979502912642,1.5113294971415278e-77
unstable,3.2,0.6,unwrap; 1 root,Linear,4,0.14173313280998903,1.0530476761174379,0.06849784533941147,0.8205144274616232,0.2102309781494005,1.8706979502912642,1.5113294971415278e-77
unstable,3.2,0.6,unwrap; 10 roots max-Re,Linear,4,0.2453346095323316,1.7600512953559757,0.0351036313829311,0.11608164017034521,0.2102309781494005,1.8706979502912642,1.5113294971415278e-77
unstable,3.2,0.6,ODE Vern9 1e-5; 1 root,Newton,4,0.14867486100191635,1.045797864701906,0.06155611714748416,0.827193633174002,0.2102309781494005,1.8706979502912642,1.5113294971415278e-77
unstable,3.2,0.6,ODE Vern9 1e-5; 10 roots max-Re,Newton,4,0.21023097809422508,1.8706979503646533,5.517541978861118e-11,9.181657217227926e-11,0.2102309781494005,1.8706979502912642,1.5113294971415278e-77
unstable,3.2,0.6,unwrap; 1 root,Newton,4,0.14867486100191635,1.045797864701906,0.06155611714748416,0.827193633174002,0.2102309781494005,1.8706979502912642,1.5113294971415278e-77
unstable,3.2,0.6,unwrap; 10 roots max-Re,Newton,4,0.21023097810392583,1.8706979503896304,4.547467957749518e-11,1.0836907578277681e-10,0.2102309781494005,1.8706979502912642,1.5113294971415278e-77
unstable,3.2,0.6,ODE Vern9 1e-5; 1 root,Combined,4,0.14867486100191635,1.045797864701906,0.06155611714748416,0.827193633174002,0.2102309781494005,1.8706979502912642,1.5113294971415278e-77
unstable,3.2,0.6,ODE Vern9 1e-5; 10 roots max-Re,Combined,4,0.21023097809422508,1.8706979503646533,5.517541978861118e-11,9.181657217227926e-11,0.2102309781494005,1.8706979502912642,1.5113294971415278e-77
unstable,3.2,0.6,unwrap; 1 root,Combined,4,0.14867486100191635,1.045797864701906,0.06155611714748416,0.827193633174002,0.2102309781494005,1.8706979502912642,1.5113294971415278e-77
unstable,3.2,0.6,unwrap; 10 roots max-Re,Combined,4,0.21023097810392583,1.8706979503896304,4.547467957749518e-11,1.0836907578277681e-10,0.2102309781494005,1.8706979502912642,1.5113294971415278e-77
