dP,P_minus_Pb_bigfloat,Z_true,sigma_true,omega_true,Z_ode_1e-5,Zraw_ode_1e-5,sigma_hat_ode_1e-5,omega_hat_ode_1e-5,sign_ok_ode_1e-5,parity_ok_ode_1e-5,Z_ode_1e-8,Zraw_ode_1e-8,sigma_hat_ode_1e-8,sign_ok_ode_1e-8,parity_ok_ode_1e-8,Z_uw,Zraw_uw,sigma_hat_uw,omega_hat_uw,sign_ok_uw,parity_ok_uw,evals_uw,parity_expected_odd
-0.01,-0.009999999999999587,2,-0.0006635405742675779,1.0564930139902742,2,1.9999976812649145,-0.0006635470024439877,1.0564928075893718,true,true,2,2.0000137703551664,-0.0006635477426173916,true,true,2,2.000000551379263,-0.0006635470095210294,1.0564930247176532,true,true,72,0
-0.0001,-0.00010000000000001238,2,-6.5961692322564865e-6,1.0578060319579736,2,1.9999965380681854,-6.596169928841697e-6,1.057805888010701,true,true,2,2.000013778342089,-6.596169984668863e-6,true,true,2,2.000000551378735,-6.596169978162203e-6,1.0578060319590983,true,true,102,0
-1.0e-6,-9.999999999411242e-7,2,-6.595778283062214e-8,1.0578191302424937,3,2.9999971719392726,5.884195607752523e-6,0.9865824285609972,false,false,2,2.0000137745458337,-6.595778289654625e-8,true,true,2,2.00000055137873,-6.595778292352733e-8,1.0578191302424937,true,true,118,0
-1.0e-8,-9.999999740571484e-9,2,-6.595774202990388e-10,1.057819261222158,3,3.0000349451496304,1.1529117080755351e-6,0.9818851041449299,false,false,2,2.0000135328392026,-6.595773989246961e-10,true,true,2,2.0000005513787302,-6.595774053731017e-10,1.057819261222158,true,true,131,0
-1.0e-10,-9.999980962023075e-11,2,-6.59576177799017e-12,1.0578192625319542,3,2.999995861321972,-8.167813094335339e-6,0.975088523043095,true,false,3,3.0000137638895725,2.083940634093489e-6,false,false,2,2.00000055137873,-6.59580877763628e-12,1.0578192625319542,true,true,146,0
-1.0e-12,-9.998902467759984e-13,2,-6.595050427121184e-14,1.0578192625450522,3,3.000022419958723,1.828582812082813e-11,1.0577865634525112,false,false,3,3.0000137653450683,3.726252444229717e-8,false,false,2,2.0000005513787302,-6.595603443181461e-14,1.0578192625450522,true,true,165,0
0.01,0.009999999999999986,4,0.0006556427980478812,1.0591390842404411,4,3.999991622862562,0.0006556341048620357,1.0591330333109084,true,true,4,4.0000137539469565,0.0006556341723285535,true,true,4,4.000000551378206,0.0006556343208435959,1.0591390959944058,true,true,73,0
0.0001,0.00010000000000040968,4,6.595379465506732e-6,1.0578324924897167,4,4.000039773928328,6.5953787344941105e-6,1.0578325423407147,true,true,4,4.000013756784362,6.595378719603497e-6,true,true,4,4.000000551378725,6.595378717462267e-6,1.0578324924908424,true,true,92,0
1.0e-6,1.0000000003384318e-6,4,6.595770388015014e-8,1.057819394847811,3,2.999998426323158,0.0002599926294328146,1.1387452907500963,true,false,4,4.000013756229759,6.595770378012749e-8,true,true,4,4.00000055137873,6.595770378153207e-8,1.0578193948478112,true,true,106,0
1.0e-8,1.0000000137879097e-8,4,6.595774386068847e-10,1.0578192638682111,3,3.00003047710315,1.158661730390197e-5,0.9949903239087429,true,false,3,3.0000138247195434,4.2762741959260196e-7,true,false,4,4.000000551378729,6.595774054339591e-10,1.057819263868211,true,true,137,0
1.0e-10,1.0000020692784345e-10,4,6.5957879827139505e-12,1.0578192625584149,3,3.000023369595096,1.3803760012335938e-5,1.0122174472690602,true,false,3,3.0000137675196585,2.9849945501850243e-6,true,false,4,4.000000551378729,6.595795166781394e-12,1.0578192625584149,true,true,156,0
1.0e-12,1.0002875543886837e-12,4,6.597670978467981e-14,1.0578192625453169,3,2.9999974600569983,8.409827713534116e-7,1.0645035579950952,true,false,3,3.0000137666214437,1.0437054734419401e-7,true,false,4,4.000000551378731,6.595944914890602e-14,1.0578192625453167,true,true,157,0
