case,method,omega_max,n_points,n_inside,nZdiff_vs_ode_all,nZdiff_inside,nZdiff_outside,n_failed,evals_median,evals_max,eps_median,eps_max,n_eps_gt_quarter,n_eps_gt_quarter_inside,n_parity_viol_inside,wall_time_s,npow_estimate_first_point
A4_neutral,ODE Vern9 tol=1e-9,200.0,1600,1280,0,0,0,0,,,0.1482168714855407,0.3798923471433113,320,160,32,1.3264127,1.9999999999998332
A4_neutral,unwrap default (wmax=1e5),100000.0,1600,1280,508,188,320,480,127334.5,200001,0.004277773922964745,0.09120714456324253,0,0,0,20.3958504,1.9999999999998332
A4_neutral,unwrap gallery wmax,200.0,1600,1280,40,32,8,0,266.0,877,0.14821686778106313,0.37989252408836194,320,160,0,0.4047751,1.9999999999998332
A5_neutral_hg,ODE Vern9 tol=1e-9,200.0,1600,1280,0,0,0,0,,,0.1435963881557228,0.3824812655018377,320,160,0,1.3448435,1.9999999999995108
A5_neutral_hg,unwrap default (wmax=1e5),100000.0,1600,1280,480,160,320,480,127329.0,200001,0.004283752360041471,0.09134239807505318,0,0,0,16.5566409,1.9999999999995108
A5_neutral_hg,unwrap gallery wmax,200.0,1600,1280,0,0,0,0,259.0,811,0.14359639172499455,0.3824812013475025,320,160,0,0.038604,1.9999999999995108
A6_pda,ODE Vern9 tol=1e-9,500.0,1600,1360,0,0,0,0,,,0.06990251990722562,0.4903397226169375,280,160,0,2.8125316,2.0000000000001
A6_pda,unwrap default (wmax=1e5),100000.0,1600,1360,560,320,240,560,127334.0,200001,0.003943461776740542,0.03175439414089487,0,0,0,18.5578834,2.0000000000001
A6_pda,unwrap gallery wmax,500.0,1600,1360,0,0,0,0,647.5,1775,0.0699025191689745,0.49033839311604765,280,160,0,0.1268904,2.0000000000001
