a,c,omega_max,Z_uw,Zraw_uw,eps_uw,evals_uw,evals_per_unit_omega,time_us,Z_ode_ref_wmax200,Zraw_ode_ref_wmax200
0.0,0.5,100.0,2,2.0000080601069197,8.060106919671739e-6,17,0.17,4.6,2,2.0000034743328996
0.0,0.5,1000.0,2,1.999999868291762,1.3170823809360854e-7,21,0.021,5.6,2,2.0000034743328996
0.0,0.5,10000.0,2,2.000000000380297,3.8029712712273067e-10,24,0.0024,6.3999999999999995,2,2.0000034743328996
0.0,0.5,100000.0,2,1.999999999893328,1.0667200456282444e-10,27,0.00027,7.1,2,2.0000034743328996
0.5,-0.5,100.0,0,-0.05574237756051259,0.05574237756051259,113,1.13,31.099999999999998,0,-0.10748795218485996
0.5,-0.5,1000.0,0,0.09936062652919997,0.09936062652919997,1221,1.221,322.7,0,-0.10748795218485996
0.5,-0.5,10000.0,0,-0.09033252445570272,0.09033252445570272,12679,1.2679,3364.3,0,-0.10748795218485996
0.5,-0.5,100000.0,0,0.011367092822114788,0.011367092822114788,127271,1.27271,79641.4,0,-0.10748795218485996
0.95,0.5,100.0,2,1.9177114208091588,0.0822885791908412,334,3.34,90.5,2,1.8357798638259615
0.95,0.5,1000.0,2,2.150623818465648,0.1506238184656481,2918,2.918,806.8,2,1.8357798638259615
0.95,0.5,10000.0,2,1.6011067000954617,0.39889329990453826,28923,2.8923,7432.5,2,1.8357798638259615
0.95,0.5,100000.0,-1,NaN,NaN,200001,2.00001,116792.2,2,1.8357798638259615
-1.1,0.5,100.0,32,32.47076392711403,0.47076392711402804,294,2.94,80.9,64,64.35675465084807
-1.1,0.5,1000.0,320,319.6263794410746,0.3736205589253814,2894,2.894,790.0,64,64.35675465084807
-1.1,0.5,10000.0,3184,3184.0518038343425,0.05180383434253599,29277,2.9277,8446.0,64,64.35675465084807
-1.1,0.5,100000.0,-1,NaN,NaN,200001,2.00001,111345.20000000001,64,64.35675465084807
